cbsa,fips
"Aberdeen, SD",46013
"Aberdeen, SD",46045
"Aberdeen, WA",53027
"Abilene, TX",48059
"Abilene, TX",48253
"Abilene, TX",48441
"Ada, OK",40123
"Adrian, MI",26091
"Aguadilla-Isabela, PR",72003
"Aguadilla-Isabela, PR",72005
"Aguadilla-Isabela, PR",72011
"Aguadilla-Isabela, PR",72071
"Aguadilla-Isabela, PR",72081
"Aguadilla-Isabela, PR",72099
"Aguadilla-Isabela, PR",72117
"Aguadilla-Isabela, PR",72131
"Aguadilla-Isabela, PR",72141
"Akron, OH",39133
"Akron, OH",39153
"Alamogordo, NM",35035
"Albany, GA",13095
"Albany, GA",13177
"Albany, GA",13273
"Albany, GA",13321
"Albany-Lebanon, OR",41043
"Albany-Schenectady-Troy, NY",36001
"Albany-Schenectady-Troy, NY",36083
"Albany-Schenectady-Troy, NY",36091
"Albany-Schenectady-Troy, NY",36093
"Albany-Schenectady-Troy, NY",36095
"Albemarle, NC",37167
"Albert Lea, MN",27047
"Albertville, AL",01095
"Albuquerque, NM",35001
"Albuquerque, NM",35043
"Albuquerque, NM",35057
"Albuquerque, NM",35061
"Alexander City, AL",01037
"Alexander City, AL",01123
"Alexandria, LA",22043
"Alexandria, LA",22079
"Alexandria, MN",27041
"Alice, TX",48131
"Alice, TX",48249
"Allentown-Bethlehem-Easton, PA-NJ",34041
"Allentown-Bethlehem-Easton, PA-NJ",42025
"Allentown-Bethlehem-Easton, PA-NJ",42077
"Allentown-Bethlehem-Easton, PA-NJ",42095
"Alma, MI",26057
"Alpena, MI",26007
"Altoona, PA",42013
"Altus, OK",40065
"Amarillo, TX",48011
"Amarillo, TX",48065
"Amarillo, TX",48359
"Amarillo, TX",48375
"Amarillo, TX",48381
"Americus, GA",13249
"Americus, GA",13261
"Ames, IA",19015
"Ames, IA",19169
"Amsterdam, NY",36057
"Anchorage, AK",02020
"Anchorage, AK",02170
"Andrews, TX",48003
"Angola, IN",18151
"Ann Arbor, MI",26161
"Anniston-Oxford, AL",01015
"Appleton, WI",55015
"Appleton, WI",55087
"Arcadia, FL",12027
"Ardmore, OK",40019
"Ardmore, OK",40085
"Arecibo, PR",72013
"Arecibo, PR",72027
"Arecibo, PR",72065
"Arecibo, PR",72115
"Arkadelphia, AR",05019
"Asheville, NC",37021
"Asheville, NC",37087
"Asheville, NC",37089
"Asheville, NC",37115
"Ashland, OH",39005
"Ashtabula, OH",39007
"Astoria, OR",41007
"Atchison, KS",20005
"Athens, OH",39009
"Athens, TN",47107
"Athens, TX",48213
"Athens-Clarke County, GA",13059
"Athens-Clarke County, GA",13195
"Athens-Clarke County, GA",13219
"Athens-Clarke County, GA",13221
"Atlanta-Sandy Springs-Alpharetta, GA",13013
"Atlanta-Sandy Springs-Alpharetta, GA",13015
"Atlanta-Sandy Springs-Alpharetta, GA",13035
"Atlanta-Sandy Springs-Alpharetta, GA",13045
"Atlanta-Sandy Springs-Alpharetta, GA",13057
"Atlanta-Sandy Springs-Alpharetta, GA",13063
"Atlanta-Sandy Springs-Alpharetta, GA",13067
"Atlanta-Sandy Springs-Alpharetta, GA",13077
"Atlanta-Sandy Springs-Alpharetta, GA",13085
"Atlanta-Sandy Springs-Alpharetta, GA",13089
"Atlanta-Sandy Springs-Alpharetta, GA",13097
"Atlanta-Sandy Springs-Alpharetta, GA",13113
"Atlanta-Sandy Springs-Alpharetta, GA",13117
"Atlanta-Sandy Springs-Alpharetta, GA",13121
"Atlanta-Sandy Springs-Alpharetta, GA",13135
"Atlanta-Sandy Springs-Alpharetta, GA",13143
"Atlanta-Sandy Springs-Alpharetta, GA",13149
"Atlanta-Sandy Springs-Alpharetta, GA",13151
"Atlanta-Sandy Springs-Alpharetta, GA",13159
"Atlanta-Sandy Springs-Alpharetta, GA",13171
"Atlanta-Sandy Springs-Alpharetta, GA",13199
"Atlanta-Sandy Springs-Alpharetta, GA",13211
"Atlanta-Sandy Springs-Alpharetta, GA",13217
"Atlanta-Sandy Springs-Alpharetta, GA",13223
"Atlanta-Sandy Springs-Alpharetta, GA",13227
"Atlanta-Sandy Springs-Alpharetta, GA",13231
"Atlanta-Sandy Springs-Alpharetta, GA",13247
"Atlanta-Sandy Springs-Alpharetta, GA",13255
"Atlanta-Sandy Springs-Alpharetta, GA",13297
"Atlantic City-Hammonton, NJ",34001
"Atmore, AL",01053
"Auburn, IN",18033
"Auburn, NY",36011
"Auburn-Opelika, AL",01081
"Augusta-Richmond County, GA-SC",13033
"Augusta-Richmond County, GA-SC",13073
"Augusta-Richmond County, GA-SC",13181
"Augusta-Richmond County, GA-SC",13189
"Augusta-Richmond County, GA-SC",13245
"Augusta-Richmond County, GA-SC",45003
"Augusta-Richmond County, GA-SC",45037
"Augusta-Waterville, ME",23011
"Austin, MN",27099
"Austin-Round Rock-Georgetown, TX",48021
"Austin-Round Rock-Georgetown, TX",48055
"Austin-Round Rock-Georgetown, TX",48209
"Austin-Round Rock-Georgetown, TX",48453
"Austin-Round Rock-Georgetown, TX",48491
"Bainbridge, GA",13087
"Bakersfield, CA",06029
"Baltimore-Columbia-Towson, MD",24003
"Baltimore-Columbia-Towson, MD",24005
"Baltimore-Columbia-Towson, MD",24013
"Baltimore-Columbia-Towson, MD",24025
"Baltimore-Columbia-Towson, MD",24027
"Baltimore-Columbia-Towson, MD",24035
"Baltimore-Columbia-Towson, MD",24510
"Bangor, ME",23019
"Baraboo, WI",55111
"Bardstown, KY",21179
"Barnstable Town, MA",25001
"Barre, VT",50023
"Bartlesville, OK",40147
"Batavia, NY",36037
"Batesville, AR",05063
"Batesville, AR",05135
"Baton Rouge, LA",22005
"Baton Rouge, LA",22007
"Baton Rouge, LA",22033
"Baton Rouge, LA",22037
"Baton Rouge, LA",22047
"Baton Rouge, LA",22063
"Baton Rouge, LA",22077
"Baton Rouge, LA",22091
"Baton Rouge, LA",22121
"Baton Rouge, LA",22125
"Battle Creek, MI",26025
"Bay City, MI",26017
"Bay City, TX",48321
"Beatrice, NE",31067
"Beaumont-Port Arthur, TX",48199
"Beaumont-Port Arthur, TX",48245
"Beaumont-Port Arthur, TX",48361
"Beaver Dam, WI",55027
"Beckley, WV",54019
"Beckley, WV",54081
"Bedford, IN",18093
"Beeville, TX",48025
"Bellefontaine, OH",39091
"Bellingham, WA",53073
"Bemidji, MN",27007
"Bend, OR",41017
"Bennettsville, SC",45069
"Bennington, VT",50003
"Berlin, NH",33007
"Big Rapids, MI",26107
"Big Spring, TX",48227
"Big Stone Gap, VA",51195
"Big Stone Gap, VA",51720
"Billings, MT",30009
"Billings, MT",30095
"Billings, MT",30111
"Binghamton, NY",36007
"Binghamton, NY",36107
"Birmingham-Hoover, AL",01007
"Birmingham-Hoover, AL",01009
"Birmingham-Hoover, AL",01021
"Birmingham-Hoover, AL",01073
"Birmingham-Hoover, AL",01115
"Birmingham-Hoover, AL",01117
"Bismarck, ND",38015
"Bismarck, ND",38059
"Bismarck, ND",38065
"Blackfoot, ID",16011
"Blacksburg-Christiansburg, VA",51071
"Blacksburg-Christiansburg, VA",51121
"Blacksburg-Christiansburg, VA",51155
"Blacksburg-Christiansburg, VA",51750
"Bloomington, IL",17113
"Bloomington, IN",18105
"Bloomington, IN",18119
"Bloomsburg-Berwick, PA",42037
"Bloomsburg-Berwick, PA",42093
"Bluefield, WV-VA",51021
"Bluefield, WV-VA",51185
"Bluefield, WV-VA",54055
"Bluffton, IN",18179
"Blytheville, AR",05093
"Bogalusa, LA",22117
"Boise City, ID",16001
"Boise City, ID",16015
"Boise City, ID",16027
"Boise City, ID",16045
"Boise City, ID",16073
"Bonham, TX",48147
"Boone, NC",37189
"Borger, TX",48233
"Boston-Cambridge-Newton, MA-NH",25021
"Boston-Cambridge-Newton, MA-NH",25023
"Boston-Cambridge-Newton, MA-NH",25025
"Boston-Cambridge-Newton, MA-NH",25009
"Boston-Cambridge-Newton, MA-NH",25017
"Boston-Cambridge-Newton, MA-NH",33015
"Boston-Cambridge-Newton, MA-NH",33017
"Boulder, CO",08013
"Bowling Green, KY",21003
"Bowling Green, KY",21031
"Bowling Green, KY",21061
"Bowling Green, KY",21227
"Bozeman, MT",30031
"Bradford, PA",42083
"Brainerd, MN",27021
"Brainerd, MN",27035
"Branson, MO",29213
"Breckenridge, CO",08117
"Bremerton-Silverdale-Port Orchard, WA",53035
"Brenham, TX",48477
"Brevard, NC",37175
"Bridgeport-Stamford-Norwalk, CT",09001
"Brookhaven, MS",28085
"Brookings, OR",41015
"Brookings, SD",46011
"Brownsville, TN",47075
"Brownsville-Harlingen, TX",48061
"Brownwood, TX",48049
"Brunswick, GA",13025
"Brunswick, GA",13127
"Brunswick, GA",13191
"Bucyrus-Galion, OH",39033
"Buffalo-Cheektowaga, NY",36029
"Buffalo-Cheektowaga, NY",36063
"Burley, ID",16031
"Burley, ID",16067
"Burlington, IA-IL",17071
"Burlington, IA-IL",19057
"Burlington, NC",37001
"Burlington-South Burlington, VT",50007
"Burlington-South Burlington, VT",50011
"Burlington-South Burlington, VT",50013
"Butte-Silver Bow, MT",30093
"Cadillac, MI",26113
"Cadillac, MI",26165
"Calhoun, GA",13129
"California-Lexington Park, MD",24037
"Cambridge, MD",24019
"Cambridge, OH",39059
"Camden, AR",05013
"Camden, AR",05103
"Campbellsville, KY",21087
"Campbellsville, KY",21217
"Ca§on City, CO",08043
"Canton-Massillon, OH",39019
"Canton-Massillon, OH",39151
"Cape Coral-Fort Myers, FL",12071
"Cape Girardeau, MO-IL",17003
"Cape Girardeau, MO-IL",29017
"Cape Girardeau, MO-IL",29031
"Carbondale-Marion, IL",17077
"Carbondale-Marion, IL",17087
"Carbondale-Marion, IL",17199
"Carlsbad-Artesia, NM",35015
"Carroll, IA",19027
"Carson City, NV",32510
"Casper, WY",56025
"Cedar City, UT",49021
"Cedar Rapids, IA",19011
"Cedar Rapids, IA",19105
"Cedar Rapids, IA",19113
"Cedartown, GA",13233
"Celina, OH",39107
"Central City, KY",21177
"Centralia, IL",17121
"Centralia, WA",53041
"Chambersburg-Waynesboro, PA",42055
"Champaign-Urbana, IL",17019
"Champaign-Urbana, IL",17147
"Charleston, WV",54005
"Charleston, WV",54015
"Charleston, WV",54035
"Charleston, WV",54039
"Charleston, WV",54043
"Charleston-Mattoon, IL",17029
"Charleston-Mattoon, IL",17035
"Charleston-North Charleston, SC",45015
"Charleston-North Charleston, SC",45019
"Charleston-North Charleston, SC",45035
"Charlotte-Concord-Gastonia, NC-SC",37007
"Charlotte-Concord-Gastonia, NC-SC",37025
"Charlotte-Concord-Gastonia, NC-SC",37071
"Charlotte-Concord-Gastonia, NC-SC",37097
"Charlotte-Concord-Gastonia, NC-SC",37109
"Charlotte-Concord-Gastonia, NC-SC",37119
"Charlotte-Concord-Gastonia, NC-SC",37159
"Charlotte-Concord-Gastonia, NC-SC",37179
"Charlotte-Concord-Gastonia, NC-SC",45023
"Charlotte-Concord-Gastonia, NC-SC",45057
"Charlotte-Concord-Gastonia, NC-SC",45091
"Charlottesville, VA",51003
"Charlottesville, VA",51065
"Charlottesville, VA",51079
"Charlottesville, VA",51125
"Charlottesville, VA",51540
"Chattanooga, TN-GA",13047
"Chattanooga, TN-GA",13083
"Chattanooga, TN-GA",13295
"Chattanooga, TN-GA",47065
"Chattanooga, TN-GA",47115
"Chattanooga, TN-GA",47153
"Cheyenne, WY",56021
"Chicago-Naperville-Elgin, IL-IN-WI",17031
"Chicago-Naperville-Elgin, IL-IN-WI",17043
"Chicago-Naperville-Elgin, IL-IN-WI",17063
"Chicago-Naperville-Elgin, IL-IN-WI",17111
"Chicago-Naperville-Elgin, IL-IN-WI",17197
"Chicago-Naperville-Elgin, IL-IN-WI",17037
"Chicago-Naperville-Elgin, IL-IN-WI",17089
"Chicago-Naperville-Elgin, IL-IN-WI",17093
"Chicago-Naperville-Elgin, IL-IN-WI",18073
"Chicago-Naperville-Elgin, IL-IN-WI",18089
"Chicago-Naperville-Elgin, IL-IN-WI",18111
"Chicago-Naperville-Elgin, IL-IN-WI",18127
"Chicago-Naperville-Elgin, IL-IN-WI",17097
"Chicago-Naperville-Elgin, IL-IN-WI",55059
"Chico, CA",06007
"Chillicothe, OH",39141
"Cincinnati, OH-KY-IN",18029
"Cincinnati, OH-KY-IN",18047
"Cincinnati, OH-KY-IN",18115
"Cincinnati, OH-KY-IN",18161
"Cincinnati, OH-KY-IN",21015
"Cincinnati, OH-KY-IN",21023
"Cincinnati, OH-KY-IN",21037
"Cincinnati, OH-KY-IN",21077
"Cincinnati, OH-KY-IN",21081
"Cincinnati, OH-KY-IN",21117
"Cincinnati, OH-KY-IN",21191
"Cincinnati, OH-KY-IN",39015
"Cincinnati, OH-KY-IN",39017
"Cincinnati, OH-KY-IN",39025
"Cincinnati, OH-KY-IN",39061
"Cincinnati, OH-KY-IN",39165
"Clarksburg, WV",54017
"Clarksburg, WV",54033
"Clarksburg, WV",54091
"Clarksdale, MS",28027
"Clarksville, TN-KY",21047
"Clarksville, TN-KY",21221
"Clarksville, TN-KY",47125
"Clarksville, TN-KY",47161
"Clearlake, CA",06033
"Cleveland, MS",28011
"Cleveland, TN",47011
"Cleveland, TN",47139
"Cleveland-Elyria, OH",39035
"Cleveland-Elyria, OH",39055
"Cleveland-Elyria, OH",39085
"Cleveland-Elyria, OH",39093
"Cleveland-Elyria, OH",39103
"Clewiston, FL",12051
"Clinton, IA",19045
"Clovis, NM",35009
"Coamo, PR",72043
"Coco, PR",72123
"Coeur d'Alene, ID",16055
"Coffeyville, KS",20125
"Coldwater, MI",26023
"College Station-Bryan, TX",48041
"College Station-Bryan, TX",48051
"College Station-Bryan, TX",48395
"Colorado Springs, CO",08041
"Colorado Springs, CO",08119
"Columbia, MO",29019
"Columbia, MO",29053
"Columbia, MO",29089
"Columbia, SC",45017
"Columbia, SC",45039
"Columbia, SC",45055
"Columbia, SC",45063
"Columbia, SC",45079
"Columbia, SC",45081
"Columbus, GA-AL",01113
"Columbus, GA-AL",13053
"Columbus, GA-AL",13145
"Columbus, GA-AL",13197
"Columbus, GA-AL",13215
"Columbus, GA-AL",13259
"Columbus, GA-AL",13263
"Columbus, IN",18005
"Columbus, MS",28087
"Columbus, NE",31141
"Columbus, OH",39041
"Columbus, OH",39045
"Columbus, OH",39049
"Columbus, OH",39073
"Columbus, OH",39089
"Columbus, OH",39097
"Columbus, OH",39117
"Columbus, OH",39127
"Columbus, OH",39129
"Columbus, OH",39159
"Concord, NH",33013
"Connersville, IN",18041
"Cookeville, TN",47087
"Cookeville, TN",47133
"Cookeville, TN",47141
"Coos Bay, OR",41011
"Cordele, GA",13081
"Corinth, MS",28003
"Cornelia, GA",13137
"Corning, NY",36101
"Corpus Christi, TX",48355
"Corpus Christi, TX",48409
"Corsicana, TX",48349
"Cortland, NY",36023
"Corvallis, OR",41003
"Coshocton, OH",39031
"Craig, CO",08081
"Crawfordsville, IN",18107
"Crescent City, CA",06015
"Crestview-Fort Walton Beach-Destin, FL",12091
"Crestview-Fort Walton Beach-Destin, FL",12131
"Crossville, TN",47035
"Cullman, AL",01043
"Cullowhee, NC",37099
"Cullowhee, NC",37173
"Cumberland, MD-WV",24001
"Cumberland, MD-WV",54057
"Dallas-Fort Worth-Arlington, TX",48085
"Dallas-Fort Worth-Arlington, TX",48113
"Dallas-Fort Worth-Arlington, TX",48121
"Dallas-Fort Worth-Arlington, TX",48139
"Dallas-Fort Worth-Arlington, TX",48231
"Dallas-Fort Worth-Arlington, TX",48257
"Dallas-Fort Worth-Arlington, TX",48397
"Dallas-Fort Worth-Arlington, TX",48251
"Dallas-Fort Worth-Arlington, TX",48367
"Dallas-Fort Worth-Arlington, TX",48439
"Dallas-Fort Worth-Arlington, TX",48497
"Dalton, GA",13213
"Dalton, GA",13313
"Danville, IL",17183
"Danville, KY",21021
"Danville, KY",21137
"Danville, VA",51143
"Danville, VA",51590
"Daphne-Fairhope-Foley, AL",01003
"Davenport-Moline-Rock Island, IA-IL",17073
"Davenport-Moline-Rock Island, IA-IL",17131
"Davenport-Moline-Rock Island, IA-IL",17161
"Davenport-Moline-Rock Island, IA-IL",19163
"Dayton, TN",47143
"Dayton-Kettering, OH",39057
"Dayton-Kettering, OH",39109
"Dayton-Kettering, OH",39113
"Decatur, AL",01079
"Decatur, AL",01103
"Decatur, IL",17115
"Decatur, IN",18001
"Defiance, OH",39039
"Del Rio, TX",48465
"Deltona-Daytona Beach-Ormond Beach, FL",12035
"Deltona-Daytona Beach-Ormond Beach, FL",12127
"Deming, NM",35029
"Denver-Aurora-Lakewood, CO",08001
"Denver-Aurora-Lakewood, CO",08005
"Denver-Aurora-Lakewood, CO",08014
"Denver-Aurora-Lakewood, CO",08019
"Denver-Aurora-Lakewood, CO",08031
"Denver-Aurora-Lakewood, CO",08035
"Denver-Aurora-Lakewood, CO",08039
"Denver-Aurora-Lakewood, CO",08047
"Denver-Aurora-Lakewood, CO",08059
"Denver-Aurora-Lakewood, CO",08093
"DeRidder, LA",22011
"Des Moines-West Des Moines, IA",19049
"Des Moines-West Des Moines, IA",19077
"Des Moines-West Des Moines, IA",19099
"Des Moines-West Des Moines, IA",19121
"Des Moines-West Des Moines, IA",19153
"Des Moines-West Des Moines, IA",19181
"Detroit-Warren-Dearborn, MI",26163
"Detroit-Warren-Dearborn, MI",26087
"Detroit-Warren-Dearborn, MI",26093
"Detroit-Warren-Dearborn, MI",26099
"Detroit-Warren-Dearborn, MI",26125
"Detroit-Warren-Dearborn, MI",26147
"Dickinson, ND",38007
"Dickinson, ND",38089
"Dixon, IL",17103
"Dodge City, KS",20057
"Dothan, AL",01061
"Dothan, AL",01067
"Dothan, AL",01069
"Douglas, GA",13003
"Douglas, GA",13069
"Dover, DE",10001
"Dublin, GA",13167
"Dublin, GA",13175
"Dublin, GA",13283
"DuBois, PA",42033
"Dubuque, IA",19061
"Duluth, MN-WI",27017
"Duluth, MN-WI",27075
"Duluth, MN-WI",27137
"Duluth, MN-WI",55031
"Dumas, TX",48341
"Duncan, OK",40137
"Durango, CO",08067
"Durant, OK",40013
"Durham-Chapel Hill, NC",37037
"Durham-Chapel Hill, NC",37063
"Durham-Chapel Hill, NC",37077
"Durham-Chapel Hill, NC",37135
"Durham-Chapel Hill, NC",37145
"Dyersburg, TN",47045
"Eagle Pass, TX",48323
"Easton, MD",24041
"East Stroudsburg, PA",42089
"Eau Claire, WI",55017
"Eau Claire, WI",55035
"Edwards, CO",08037
"Effingham, IL",17049
"El Campo, TX",48481
"El Centro, CA",06025
"El Dorado, AR",05139
"Elizabeth City, NC",37139
"Elizabeth City, NC",37143
"Elizabethtown-Fort Knox, KY",21093
"Elizabethtown-Fort Knox, KY",21123
"Elizabethtown-Fort Knox, KY",21163
"Elk City, OK",40009
"Elkhart-Goshen, IN",18039
"Elkins, WV",54083
"Elko, NV",32007
"Elko, NV",32011
"Ellensburg, WA",53037
"Elmira, NY",36015
"El Paso, TX",48141
"El Paso, TX",48229
"Emporia, KS",20017
"Emporia, KS",20111
"Enid, OK",40047
"Enterprise, AL",01031
"Erie, PA",42049
"Escanaba, MI",26041
"Espa§ola, NM",35039
"Eufaula, AL-GA",01005
"Eufaula, AL-GA",13239
"Eugene-Springfield, OR",41039
"Eureka-Arcata, CA",06023
"Evanston, WY",56041
"Evansville, IN-KY",18129
"Evansville, IN-KY",18163
"Evansville, IN-KY",18173
"Evansville, IN-KY",21101
"Fairbanks, AK",02090
"Fairfield, IA",19101
"Fairmont, MN",27091
"Fairmont, WV",54049
"Fallon, NV",32001
"Fargo, ND-MN",27027
"Fargo, ND-MN",38017
"Faribault-Northfield, MN",27131
"Farmington, MO",29187
"Farmington, NM",35045
"Fayetteville, NC",37051
"Fayetteville, NC",37085
"Fayetteville, NC",37093
"Fayetteville-Springdale-Rogers, AR",05007
"Fayetteville-Springdale-Rogers, AR",05087
"Fayetteville-Springdale-Rogers, AR",05143
"Fergus Falls, MN",27111
"Fernley, NV",32019
"Findlay, OH",39063
"Fitzgerald, GA",13017
"Flagstaff, AZ",04005
"Flint, MI",26049
"Florence, SC",45031
"Florence, SC",45041
"Florence-Muscle Shoals, AL",01033
"Florence-Muscle Shoals, AL",01077
"Fond du Lac, WI",55039
"Forest City, NC",37161
"Forrest City, AR",05123
"Fort Collins, CO",08069
"Fort Dodge, IA",19187
"Fort Leonard Wood, MO",29169
"Fort Madison-Keokuk, IA-IL-MO",17067
"Fort Madison-Keokuk, IA-IL-MO",19111
"Fort Madison-Keokuk, IA-IL-MO",29045
"Fort Morgan, CO",08087
"Fort Payne, AL",01049
"Fort Polk South, LA",22115
"Fort Smith, AR-OK",05033
"Fort Smith, AR-OK",05047
"Fort Smith, AR-OK",05131
"Fort Smith, AR-OK",40135
"Fort Wayne, IN",18003
"Fort Wayne, IN",18183
"Frankfort, IN",18023
"Frankfort, KY",21005
"Frankfort, KY",21073
"Fredericksburg, TX",48171
"Freeport, IL",17177
"Fremont, NE",31053
"Fremont, OH",39143
"Fresno, CA",06019
"Gadsden, AL",01055
"Gaffney, SC",45021
"Gainesville, FL",12001
"Gainesville, FL",12041
"Gainesville, FL",12075
"Gainesville, GA",13139
"Gainesville, TX",48097
"Galesburg, IL",17095
"Gallup, NM",35031
"Garden City, KS",20055
"Garden City, KS",20093
"Gardnerville Ranchos, NV",32005
"Georgetown, SC",45043
"Gettysburg, PA",42001
"Gillette, WY",56005
"Gillette, WY",56011
"Gillette, WY",56045
"Glasgow, KY",21009
"Glasgow, KY",21169
"Glens Falls, NY",36113
"Glens Falls, NY",36115
"Glenwood Springs, CO",08045
"Glenwood Springs, CO",08097
"Gloversville, NY",36035
"Goldsboro, NC",37191
"Granbury, TX",48221
"Grand Forks, ND-MN",27119
"Grand Forks, ND-MN",38035
"Grand Island, NE",31079
"Grand Island, NE",31093
"Grand Island, NE",31121
"Grand Junction, CO",08077
"Grand Rapids, MN",27061
"Grand Rapids-Kentwood, MI",26067
"Grand Rapids-Kentwood, MI",26081
"Grand Rapids-Kentwood, MI",26117
"Grand Rapids-Kentwood, MI",26139
"Grants, NM",35006
"Grants Pass, OR",41033
"Great Bend, KS",20009
"Great Falls, MT",30013
"Greeley, CO",08123
"Green Bay, WI",55009
"Green Bay, WI",55061
"Green Bay, WI",55083
"Greeneville, TN",47059
"Greensboro-High Point, NC",37081
"Greensboro-High Point, NC",37151
"Greensboro-High Point, NC",37157
"Greensburg, IN",18031
"Greenville, MS",28151
"Greenville, NC",37147
"Greenville, OH",39037
"Greenville-Anderson, SC",45007
"Greenville-Anderson, SC",45045
"Greenville-Anderson, SC",45059
"Greenville-Anderson, SC",45077
"Greenwood, MS",28015
"Greenwood, MS",28083
"Greenwood, SC",45047
"Grenada, MS",28043
"Guayama, PR",72015
"Guayama, PR",72057
"Guayama, PR",72109
"Gulfport-Biloxi, MS",28045
"Gulfport-Biloxi, MS",28047
"Gulfport-Biloxi, MS",28059
"Gulfport-Biloxi, MS",28131
"Guymon, OK",40139
"Hagerstown-Martinsburg, MD-WV",24043
"Hagerstown-Martinsburg, MD-WV",54003
"Hagerstown-Martinsburg, MD-WV",54065
"Hailey, ID",16013
"Hailey, ID",16025
"Hammond, LA",22105
"Hanford-Corcoran, CA",06031
"Hannibal, MO",29127
"Hannibal, MO",29173
"Harrisburg-Carlisle, PA",42041
"Harrisburg-Carlisle, PA",42043
"Harrisburg-Carlisle, PA",42099
"Harrison, AR",05009
"Harrison, AR",05101
"Harrisonburg, VA",51165
"Harrisonburg, VA",51660
"Hartford-East Hartford-Middletown, CT",09003
"Hartford-East Hartford-Middletown, CT",09007
"Hartford-East Hartford-Middletown, CT",09013
"Hastings, NE",31001
"Hattiesburg, MS",28031
"Hattiesburg, MS",28035
"Hattiesburg, MS",28073
"Hattiesburg, MS",28111
"Hays, KS",20051
"Heber, UT",49043
"Heber, UT",49051
"Helena, MT",30043
"Helena, MT",30049
"Helena-West Helena, AR",05107
"Henderson, NC",37181
"Hereford, TX",48117
"Hermiston-Pendleton, OR",41049
"Hermiston-Pendleton, OR",41059
"Hickory-Lenoir-Morganton, NC",37003
"Hickory-Lenoir-Morganton, NC",37023
"Hickory-Lenoir-Morganton, NC",37027
"Hickory-Lenoir-Morganton, NC",37035
"Hillsdale, MI",26059
"Hilo, HI",15001
"Hilton Head Island-Bluffton, SC",45013
"Hilton Head Island-Bluffton, SC",45053
"Hinesville, GA",13179
"Hinesville, GA",13183
"Hobbs, NM",35025
"Holland, MI",26005
"Homosassa Springs, FL",12017
"Hood River, OR",41027
"Hope, AR",05057
"Hope, AR",05099
"Hot Springs, AR",05051
"Houghton, MI",26061
"Houghton, MI",26083
"Houma-Thibodaux, LA",22057
"Houma-Thibodaux, LA",22109
"Houston-The Woodlands-Sugar Land, TX",48015
"Houston-The Woodlands-Sugar Land, TX",48039
"Houston-The Woodlands-Sugar Land, TX",48071
"Houston-The Woodlands-Sugar Land, TX",48157
"Houston-The Woodlands-Sugar Land, TX",48167
"Houston-The Woodlands-Sugar Land, TX",48201
"Houston-The Woodlands-Sugar Land, TX",48291
"Houston-The Woodlands-Sugar Land, TX",48339
"Houston-The Woodlands-Sugar Land, TX",48473
"Hudson, NY",36021
"Huntingdon, PA",42061
"Huntington, IN",18069
"Huntington-Ashland, WV-KY-OH",21019
"Huntington-Ashland, WV-KY-OH",21043
"Huntington-Ashland, WV-KY-OH",21089
"Huntington-Ashland, WV-KY-OH",39087
"Huntington-Ashland, WV-KY-OH",54011
"Huntington-Ashland, WV-KY-OH",54079
"Huntington-Ashland, WV-KY-OH",54099
"Huntsville, AL",01083
"Huntsville, AL",01089
"Huntsville, TX",48471
"Huron, SD",46005
"Huron, SD",46073
"Hutchinson, KS",20155
"Hutchinson, MN",27085
"Idaho Falls, ID",16019
"Idaho Falls, ID",16023
"Idaho Falls, ID",16051
"Indiana, PA",42063
"Indianapolis-Carmel-Anderson, IN",18011
"Indianapolis-Carmel-Anderson, IN",18013
"Indianapolis-Carmel-Anderson, IN",18057
"Indianapolis-Carmel-Anderson, IN",18059
"Indianapolis-Carmel-Anderson, IN",18063
"Indianapolis-Carmel-Anderson, IN",18081
"Indianapolis-Carmel-Anderson, IN",18095
"Indianapolis-Carmel-Anderson, IN",18097
"Indianapolis-Carmel-Anderson, IN",18109
"Indianapolis-Carmel-Anderson, IN",18133
"Indianapolis-Carmel-Anderson, IN",18145
"Indianola, MS",28133
"Iowa City, IA",19103
"Iowa City, IA",19183
"Iron Mountain, MI-WI",26043
"Iron Mountain, MI-WI",55037
"Ithaca, NY",36109
"Jackson, MI",26075
"Jackson, MS",28029
"Jackson, MS",28049
"Jackson, MS",28051
"Jackson, MS",28089
"Jackson, MS",28121
"Jackson, MS",28127
"Jackson, MS",28163
"Jackson, OH",39079
"Jackson, TN",47023
"Jackson, TN",47033
"Jackson, TN",47053
"Jackson, TN",47113
"Jackson, WY-ID",16081
"Jackson, WY-ID",56039
"Jacksonville, FL",12003
"Jacksonville, FL",12019
"Jacksonville, FL",12031
"Jacksonville, FL",12089
"Jacksonville, FL",12109
"Jacksonville, IL",17137
"Jacksonville, IL",17171
"Jacksonville, NC",37133
"Jacksonville, TX",48073
"Jamestown, ND",38093
"Jamestown-Dunkirk-Fredonia, NY",36013
"Janesville-Beloit, WI",55105
"Jasper, AL",01127
"Jasper, IN",18037
"Jasper, IN",18125
"Jayuya, PR",72073
"Jefferson, GA",13157
"Jefferson City, MO",29027
"Jefferson City, MO",29051
"Jefferson City, MO",29135
"Jefferson City, MO",29151
"Jennings, LA",22053
"Jesup, GA",13305
"Johnson City, TN",47019
"Johnson City, TN",47171
"Johnson City, TN",47179
"Johnstown, PA",42021
"Jonesboro, AR",05031
"Jonesboro, AR",05111
"Joplin, MO",29097
"Joplin, MO",29145
"Juneau, AK",02110
"Kahului-Wailuku-Lahaina, HI",15009
"Kalamazoo-Portage, MI",26077
"Kalispell, MT",30029
"Kankakee, IL",17091
"Kansas City, MO-KS",20091
"Kansas City, MO-KS",20103
"Kansas City, MO-KS",20107
"Kansas City, MO-KS",20121
"Kansas City, MO-KS",20209
"Kansas City, MO-KS",29013
"Kansas City, MO-KS",29025
"Kansas City, MO-KS",29037
"Kansas City, MO-KS",29047
"Kansas City, MO-KS",29049
"Kansas City, MO-KS",29095
"Kansas City, MO-KS",29107
"Kansas City, MO-KS",29165
"Kansas City, MO-KS",29177
"Kapaa, HI",15007
"Kearney, NE",31019
"Kearney, NE",31099
"Keene, NH",33005
"Kendallville, IN",18113
"Kennett, MO",29069
"Kennewick-Richland, WA",53005
"Kennewick-Richland, WA",53021
"Kerrville, TX",48265
"Ketchikan, AK",02130
"Key West, FL",12087
"Kill Devil Hills, NC",37055
"Killeen-Temple, TX",48027
"Killeen-Temple, TX",48099
"Killeen-Temple, TX",48281
"Kingsport-Bristol, TN-VA",47073
"Kingsport-Bristol, TN-VA",47163
"Kingsport-Bristol, TN-VA",51169
"Kingsport-Bristol, TN-VA",51191
"Kingsport-Bristol, TN-VA",51520
"Kingston, NY",36111
"Kingsville, TX",48261
"Kingsville, TX",48273
"Kinston, NC",37107
"Kirksville, MO",29001
"Kirksville, MO",29197
"Klamath Falls, OR",41035
"Knoxville, TN",47001
"Knoxville, TN",47009
"Knoxville, TN",47013
"Knoxville, TN",47093
"Knoxville, TN",47105
"Knoxville, TN",47129
"Knoxville, TN",47145
"Knoxville, TN",47173
"Kokomo, IN",18067
"Laconia, NH",33001
"La Crosse-Onalaska, WI-MN",27055
"La Crosse-Onalaska, WI-MN",55063
"Lafayette, LA",22001
"Lafayette, LA",22045
"Lafayette, LA",22055
"Lafayette, LA",22099
"Lafayette, LA",22113
"Lafayette-West Lafayette, IN",18007
"Lafayette-West Lafayette, IN",18015
"Lafayette-West Lafayette, IN",18157
"Lafayette-West Lafayette, IN",18171
"La Grande, OR",41061
"LaGrange, GA-AL",01017
"LaGrange, GA-AL",13285
"Lake Charles, LA",22019
"Lake Charles, LA",22023
"Lake City, FL",12023
"Lake Havasu City-Kingman, AZ",04015
"Lakeland-Winter Haven, FL",12105
"Lamesa, TX",48115
"Lancaster, PA",42071
"Lansing-East Lansing, MI",26037
"Lansing-East Lansing, MI",26045
"Lansing-East Lansing, MI",26065
"Lansing-East Lansing, MI",26155
"Laramie, WY",56001
"Laredo, TX",48479
"Las Cruces, NM",35013
"Las Vegas, NM",35033
"Las Vegas, NM",35047
"Las Vegas-Henderson-Paradise, NV",32003
"Laurel, MS",28061
"Laurel, MS",28067
"Laurinburg, NC",37165
"Lawrence, KS",20045
"Lawrenceburg, TN",47099
"Lawton, OK",40031
"Lawton, OK",40033
"Lebanon, MO",29105
"Lebanon, NH-VT",33009
"Lebanon, NH-VT",33019
"Lebanon, NH-VT",50017
"Lebanon, NH-VT",50027
"Lebanon, PA",42075
"Levelland, TX",48219
"Lewisburg, PA",42119
"Lewisburg, TN",47117
"Lewiston, ID-WA",16069
"Lewiston, ID-WA",53003
"Lewiston-Auburn, ME",23001
"Lewistown, PA",42087
"Lexington, NE",31047
"Lexington, NE",31073
"Lexington-Fayette, KY",21017
"Lexington-Fayette, KY",21049
"Lexington-Fayette, KY",21067
"Lexington-Fayette, KY",21113
"Lexington-Fayette, KY",21209
"Lexington-Fayette, KY",21239
"Liberal, KS",20175
"Lima, OH",39003
"Lincoln, IL",17107
"Lincoln, NE",31109
"Lincoln, NE",31159
"Little Rock-North Little Rock-Conway, AR",05045
"Little Rock-North Little Rock-Conway, AR",05053
"Little Rock-North Little Rock-Conway, AR",05085
"Little Rock-North Little Rock-Conway, AR",05105
"Little Rock-North Little Rock-Conway, AR",05119
"Little Rock-North Little Rock-Conway, AR",05125
"Lock Haven, PA",42035
"Logan, UT-ID",16041
"Logan, UT-ID",49005
"Logansport, IN",18017
"London, KY",21051
"London, KY",21121
"London, KY",21125
"London, KY",21235
"Longview, TX",48183
"Longview, TX",48203
"Longview, TX",48401
"Longview, TX",48459
"Longview, WA",53015
"Los Alamos, NM",35028
"Los Angeles-Long Beach-Anaheim, CA",06059
"Los Angeles-Long Beach-Anaheim, CA",06037
"Louisville/Jefferson County, KY-IN",18019
"Louisville/Jefferson County, KY-IN",18043
"Louisville/Jefferson County, KY-IN",18061
"Louisville/Jefferson County, KY-IN",18175
"Louisville/Jefferson County, KY-IN",21029
"Louisville/Jefferson County, KY-IN",21103
"Louisville/Jefferson County, KY-IN",21111
"Louisville/Jefferson County, KY-IN",21185
"Louisville/Jefferson County, KY-IN",21211
"Louisville/Jefferson County, KY-IN",21215
"Lubbock, TX",48107
"Lubbock, TX",48303
"Lubbock, TX",48305
"Ludington, MI",26105
"Lufkin, TX",48005
"Lumberton, NC",37155
"Lynchburg, VA",51009
"Lynchburg, VA",51011
"Lynchburg, VA",51019
"Lynchburg, VA",51031
"Lynchburg, VA",51680
"Macomb, IL",17109
"Macon-Bibb County, GA",13021
"Macon-Bibb County, GA",13079
"Macon-Bibb County, GA",13169
"Macon-Bibb County, GA",13207
"Macon-Bibb County, GA",13289
"Madera, CA",06039
"Madison, IN",18077
"Madison, WI",55021
"Madison, WI",55025
"Madison, WI",55045
"Madison, WI",55049
"Madisonville, KY",21107
"Magnolia, AR",05027
"Malone, NY",36033
"Malvern, AR",05059
"Manchester-Nashua, NH",33011
"Manhattan, KS",20061
"Manhattan, KS",20149
"Manhattan, KS",20161
"Manitowoc, WI",55071
"Mankato, MN",27013
"Mankato, MN",27103
"Mansfield, OH",39139
"Marietta, OH",39167
"Marinette, WI-MI",26109
"Marinette, WI-MI",55075
"Marion, IN",18053
"Marion, NC",37111
"Marion, OH",39101
"Marquette, MI",26103
"Marshall, MN",27083
"Marshall, MO",29195
"Marshalltown, IA",19127
"Martin, TN",47183
"Martinsville, VA",51089
"Martinsville, VA",51690
"Maryville, MO",29147
"Mason City, IA",19033
"Mason City, IA",19195
"MayagÅez, PR",72067
"MayagÅez, PR",72083
"MayagÅez, PR",72097
"Mayfield, KY",21083
"Maysville, KY",21161
"McAlester, OK",40121
"McAllen-Edinburg-Mission, TX",48215
"McComb, MS",28113
"McMinnville, TN",47177
"McPherson, KS",20113
"Meadville, PA",42039
"Medford, OR",41029
"Memphis, TN-MS-AR",05035
"Memphis, TN-MS-AR",28033
"Memphis, TN-MS-AR",28093
"Memphis, TN-MS-AR",28137
"Memphis, TN-MS-AR",28143
"Memphis, TN-MS-AR",47047
"Memphis, TN-MS-AR",47157
"Memphis, TN-MS-AR",47167
"Menomonie, WI",55033
"Merced, CA",06047
"Meridian, MS",28023
"Meridian, MS",28069
"Meridian, MS",28075
"Mexico, MO",29007
"Miami, OK",40115
"Miami-Fort Lauderdale-Pompano Beach, FL",12011
"Miami-Fort Lauderdale-Pompano Beach, FL",12086
"Miami-Fort Lauderdale-Pompano Beach, FL",12099
"Michigan City-La Porte, IN",18091
"Middlesborough, KY",21013
"Midland, MI",26111
"Midland, TX",48317
"Midland, TX",48329
"Milledgeville, GA",13009
"Milledgeville, GA",13141
"Milwaukee-Waukesha, WI",55079
"Milwaukee-Waukesha, WI",55089
"Milwaukee-Waukesha, WI",55131
"Milwaukee-Waukesha, WI",55133
"Minden, LA",22119
"Mineral Wells, TX",48363
"Minneapolis-St. Paul-Bloomington, MN-WI",27003
"Minneapolis-St. Paul-Bloomington, MN-WI",27019
"Minneapolis-St. Paul-Bloomington, MN-WI",27025
"Minneapolis-St. Paul-Bloomington, MN-WI",27037
"Minneapolis-St. Paul-Bloomington, MN-WI",27053
"Minneapolis-St. Paul-Bloomington, MN-WI",27059
"Minneapolis-St. Paul-Bloomington, MN-WI",27079
"Minneapolis-St. Paul-Bloomington, MN-WI",27095
"Minneapolis-St. Paul-Bloomington, MN-WI",27123
"Minneapolis-St. Paul-Bloomington, MN-WI",27139
"Minneapolis-St. Paul-Bloomington, MN-WI",27141
"Minneapolis-St. Paul-Bloomington, MN-WI",27163
"Minneapolis-St. Paul-Bloomington, MN-WI",27171
"Minneapolis-St. Paul-Bloomington, MN-WI",55093
"Minneapolis-St. Paul-Bloomington, MN-WI",55109
"Minot, ND",38049
"Minot, ND",38075
"Minot, ND",38101
"Missoula, MT",30063
"Mitchell, SD",46035
"Mitchell, SD",46061
"Moberly, MO",29175
"Mobile, AL",01097
"Mobile, AL",01129
"Modesto, CA",06099
"Monroe, LA",22067
"Monroe, LA",22073
"Monroe, LA",22111
"Monroe, MI",26115
"Montgomery, AL",01001
"Montgomery, AL",01051
"Montgomery, AL",01085
"Montgomery, AL",01101
"Montrose, CO",08085
"Montrose, CO",08091
"Morehead City, NC",37031
"Morgan City, LA",22101
"Morgantown, WV",54061
"Morgantown, WV",54077
"Morristown, TN",47057
"Morristown, TN",47063
"Morristown, TN",47089
"Moscow, ID",16057
"Moses Lake, WA",53025
"Moultrie, GA",13071
"Mountain Home, AR",05005
"Mountain Home, ID",16039
"Mount Airy, NC",37171
"Mount Gay-Shamrock, WV",54045
"Mount Pleasant, MI",26073
"Mount Pleasant, TX",48063
"Mount Pleasant, TX",48449
"Mount Sterling, KY",21011
"Mount Sterling, KY",21165
"Mount Sterling, KY",21173
"Mount Vernon, IL",17081
"Mount Vernon, OH",39083
"Mount Vernon-Anacortes, WA",53057
"Muncie, IN",18035
"Murray, KY",21035
"Muscatine, IA",19139
"Muskegon, MI",26121
"Muskogee, OK",40101
"Myrtle Beach-Conway-North Myrtle Beach, SC-NC",37019
"Myrtle Beach-Conway-North Myrtle Beach, SC-NC",45051
"Nacogdoches, TX",48347
"Napa, CA",06055
"Naples-Marco Island, FL",12021
"Nashville-Davidson--Murfreesboro--Franklin, TN",47015
"Nashville-Davidson--Murfreesboro--Franklin, TN",47021
"Nashville-Davidson--Murfreesboro--Franklin, TN",47037
"Nashville-Davidson--Murfreesboro--Franklin, TN",47043
"Nashville-Davidson--Murfreesboro--Franklin, TN",47111
"Nashville-Davidson--Murfreesboro--Franklin, TN",47119
"Nashville-Davidson--Murfreesboro--Franklin, TN",47147
"Nashville-Davidson--Murfreesboro--Franklin, TN",47149
"Nashville-Davidson--Murfreesboro--Franklin, TN",47159
"Nashville-Davidson--Murfreesboro--Franklin, TN",47165
"Nashville-Davidson--Murfreesboro--Franklin, TN",47169
"Nashville-Davidson--Murfreesboro--Franklin, TN",47187
"Nashville-Davidson--Murfreesboro--Franklin, TN",47189
"Natchez, MS-LA",22029
"Natchez, MS-LA",28001
"Natchitoches, LA",22069
"New Bern, NC",37049
"New Bern, NC",37103
"New Bern, NC",37137
"Newberry, SC",45071
"New Castle, IN",18065
"New Castle, PA",42073
"New Haven-Milford, CT",09009
"New Orleans-Metairie, LA",22051
"New Orleans-Metairie, LA",22071
"New Orleans-Metairie, LA",22075
"New Orleans-Metairie, LA",22087
"New Orleans-Metairie, LA",22089
"New Orleans-Metairie, LA",22093
"New Orleans-Metairie, LA",22095
"New Orleans-Metairie, LA",22103
"New Philadelphia-Dover, OH",39157
"Newport, OR",41041
"Newport, TN",47029
"New Ulm, MN",27015
"New York-Newark-Jersey City, NY-NJ-PA",36059
"New York-Newark-Jersey City, NY-NJ-PA",36103
"New York-Newark-Jersey City, NY-NJ-PA",34013
"New York-Newark-Jersey City, NY-NJ-PA",34019
"New York-Newark-Jersey City, NY-NJ-PA",34027
"New York-Newark-Jersey City, NY-NJ-PA",34037
"New York-Newark-Jersey City, NY-NJ-PA",34039
"New York-Newark-Jersey City, NY-NJ-PA",42103
"New York-Newark-Jersey City, NY-NJ-PA",34023
"New York-Newark-Jersey City, NY-NJ-PA",34025
"New York-Newark-Jersey City, NY-NJ-PA",34029
"New York-Newark-Jersey City, NY-NJ-PA",34035
"New York-Newark-Jersey City, NY-NJ-PA",34003
"New York-Newark-Jersey City, NY-NJ-PA",34017
"New York-Newark-Jersey City, NY-NJ-PA",34031
"New York-Newark-Jersey City, NY-NJ-PA",36005
"New York-Newark-Jersey City, NY-NJ-PA",36047
"New York-Newark-Jersey City, NY-NJ-PA",36061
"New York-Newark-Jersey City, NY-NJ-PA",36079
"New York-Newark-Jersey City, NY-NJ-PA",36081
"New York-Newark-Jersey City, NY-NJ-PA",36085
"New York-Newark-Jersey City, NY-NJ-PA",36087
"New York-Newark-Jersey City, NY-NJ-PA",36119
"Niles, MI",26021
"Nogales, AZ",04023
"Norfolk, NE",31119
"Norfolk, NE",31139
"Norfolk, NE",31167
"North Platte, NE",31111
"North Platte, NE",31113
"North Platte, NE",31117
"North Port-Sarasota-Bradenton, FL",12081
"North Port-Sarasota-Bradenton, FL",12115
"North Vernon, IN",18079
"North Wilkesboro, NC",37193
"Norwalk, OH",39077
"Norwich-New London, CT",09011
"Oak Harbor, WA",53029
"Ocala, FL",12083
"Ocean City, NJ",34009
"Odessa, TX",48135
"Ogden-Clearfield, UT",49003
"Ogden-Clearfield, UT",49011
"Ogden-Clearfield, UT",49029
"Ogden-Clearfield, UT",49057
"Ogdensburg-Massena, NY",36089
"Oil City, PA",42121
"Okeechobee, FL",12093
"Oklahoma City, OK",40017
"Oklahoma City, OK",40027
"Oklahoma City, OK",40051
"Oklahoma City, OK",40081
"Oklahoma City, OK",40083
"Oklahoma City, OK",40087
"Oklahoma City, OK",40109
"Olean, NY",36009
"Olympia-Lacey-Tumwater, WA",53067
"Omaha-Council Bluffs, NE-IA",19085
"Omaha-Council Bluffs, NE-IA",19129
"Omaha-Council Bluffs, NE-IA",19155
"Omaha-Council Bluffs, NE-IA",31025
"Omaha-Council Bluffs, NE-IA",31055
"Omaha-Council Bluffs, NE-IA",31153
"Omaha-Council Bluffs, NE-IA",31155
"Omaha-Council Bluffs, NE-IA",31177
"Oneonta, NY",36077
"Ontario, OR-ID",16075
"Ontario, OR-ID",41045
"Opelousas, LA",22097
"Orangeburg, SC",45075
"Orlando-Kissimmee-Sanford, FL",12069
"Orlando-Kissimmee-Sanford, FL",12095
"Orlando-Kissimmee-Sanford, FL",12097
"Orlando-Kissimmee-Sanford, FL",12117
"Oshkosh-Neenah, WI",55139
"Oskaloosa, IA",19123
"Othello, WA",53001
"Ottawa, IL",17011
"Ottawa, IL",17099
"Ottawa, IL",17155
"Ottawa, KS",20059
"Ottumwa, IA",19179
"Owatonna, MN",27147
"Owensboro, KY",21059
"Owensboro, KY",21091
"Owensboro, KY",21149
"Oxford, MS",28071
"Oxnard-Thousand Oaks-Ventura, CA",06111
"Ozark, AL",01045
"Paducah, KY-IL",17127
"Paducah, KY-IL",21007
"Paducah, KY-IL",21139
"Paducah, KY-IL",21145
"Pahrump, NV",32023
"Palatka, FL",12107
"Palestine, TX",48001
"Palm Bay-Melbourne-Titusville, FL",12009
"Pampa, TX",48179
"Pampa, TX",48393
"Panama City, FL",12005
"Paragould, AR",05055
"Paris, TN",47079
"Paris, TX",48277
"Parkersburg-Vienna, WV",54105
"Parkersburg-Vienna, WV",54107
"Parsons, KS",20099
"Payson, AZ",04007
"Pearsall, TX",48163
"Pecos, TX",48301
"Pecos, TX",48389
"Pella, IA",19125
"Pensacola-Ferry Pass-Brent, FL",12033
"Pensacola-Ferry Pass-Brent, FL",12113
"Peoria, IL",17057
"Peoria, IL",17123
"Peoria, IL",17143
"Peoria, IL",17175
"Peoria, IL",17179
"Peoria, IL",17203
"Peru, IN",18103
"Philadelphia-Camden-Wilmington, PA-NJ-DE-MD",34005
"Philadelphia-Camden-Wilmington, PA-NJ-DE-MD",34007
"Philadelphia-Camden-Wilmington, PA-NJ-DE-MD",34015
"Philadelphia-Camden-Wilmington, PA-NJ-DE-MD",42017
"Philadelphia-Camden-Wilmington, PA-NJ-DE-MD",42029
"Philadelphia-Camden-Wilmington, PA-NJ-DE-MD",42091
"Philadelphia-Camden-Wilmington, PA-NJ-DE-MD",42045
"Philadelphia-Camden-Wilmington, PA-NJ-DE-MD",42101
"Philadelphia-Camden-Wilmington, PA-NJ-DE-MD",10003
"Philadelphia-Camden-Wilmington, PA-NJ-DE-MD",24015
"Philadelphia-Camden-Wilmington, PA-NJ-DE-MD",34033
"Phoenix-Mesa-Chandler, AZ",04013
"Phoenix-Mesa-Chandler, AZ",04021
"Picayune, MS",28109
"Pierre, SD",46065
"Pierre, SD",46117
"Pine Bluff, AR",05025
"Pine Bluff, AR",05069
"Pine Bluff, AR",05079
"Pinehurst-Southern Pines, NC",37125
"Pittsburg, KS",20037
"Pittsburgh, PA",42003
"Pittsburgh, PA",42005
"Pittsburgh, PA",42007
"Pittsburgh, PA",42019
"Pittsburgh, PA",42051
"Pittsburgh, PA",42125
"Pittsburgh, PA",42129
"Pittsfield, MA",25003
"Plainview, TX",48189
"Platteville, WI",55043
"Plattsburgh, NY",36019
"Plymouth, IN",18099
"Pocatello, ID",16005
"Pocatello, ID",16077
"Point Pleasant, WV-OH",39053
"Point Pleasant, WV-OH",54053
"Ponca City, OK",40071
"Ponce, PR",72001
"Ponce, PR",72075
"Ponce, PR",72113
"Ponce, PR",72149
"Pontiac, IL",17105
"Poplar Bluff, MO",29023
"Poplar Bluff, MO",29181
"Portales, NM",35041
"Port Angeles, WA",53009
"Portland-South Portland, ME",23005
"Portland-South Portland, ME",23023
"Portland-South Portland, ME",23031
"Portland-Vancouver-Hillsboro, OR-WA",41005
"Portland-Vancouver-Hillsboro, OR-WA",41009
"Portland-Vancouver-Hillsboro, OR-WA",41051
"Portland-Vancouver-Hillsboro, OR-WA",41067
"Portland-Vancouver-Hillsboro, OR-WA",41071
"Portland-Vancouver-Hillsboro, OR-WA",53011
"Portland-Vancouver-Hillsboro, OR-WA",53059
"Port Lavaca, TX",48057
"Port St. Lucie, FL",12085
"Port St. Lucie, FL",12111
"Portsmouth, OH",39145
"Pottsville, PA",42107
"Poughkeepsie-Newburgh-Middletown, NY",36027
"Poughkeepsie-Newburgh-Middletown, NY",36071
"Prescott Valley-Prescott, AZ",04025
"Price, UT",49007
"Prineville, OR",41013
"Providence-Warwick, RI-MA",25005
"Providence-Warwick, RI-MA",44001
"Providence-Warwick, RI-MA",44003
"Providence-Warwick, RI-MA",44005
"Providence-Warwick, RI-MA",44007
"Providence-Warwick, RI-MA",44009
"Provo-Orem, UT",49023
"Provo-Orem, UT",49049
"Pueblo, CO",08101
"Pullman, WA",53075
"Punta Gorda, FL",12015
"Quincy, IL-MO",17001
"Quincy, IL-MO",29111
"Racine, WI",55101
"Raleigh-Cary, NC",37069
"Raleigh-Cary, NC",37101
"Raleigh-Cary, NC",37183
"Rapid City, SD",46093
"Rapid City, SD",46103
"Raymondville, TX",48489
"Reading, PA",42011
"Red Bluff, CA",06103
"Redding, CA",06089
"Red Wing, MN",27049
"Reno, NV",32029
"Reno, NV",32031
"Rexburg, ID",16043
"Rexburg, ID",16065
"Richmond, IN",18177
"Richmond, VA",51007
"Richmond, VA",51036
"Richmond, VA",51041
"Richmond, VA",51053
"Richmond, VA",51075
"Richmond, VA",51085
"Richmond, VA",51087
"Richmond, VA",51097
"Richmond, VA",51101
"Richmond, VA",51127
"Richmond, VA",51145
"Richmond, VA",51149
"Richmond, VA",51183
"Richmond, VA",51570
"Richmond, VA",51670
"Richmond, VA",51730
"Richmond, VA",51760
"Richmond-Berea, KY",21065
"Richmond-Berea, KY",21151
"Rio Grande City-Roma, TX",48427
"Riverside-San Bernardino-Ontario, CA",06065
"Riverside-San Bernardino-Ontario, CA",06071
"Riverton, WY",56013
"Roanoke, VA",51023
"Roanoke, VA",51045
"Roanoke, VA",51067
"Roanoke, VA",51161
"Roanoke, VA",51770
"Roanoke, VA",51775
"Roanoke Rapids, NC",37083
"Roanoke Rapids, NC",37131
"Rochelle, IL",17141
"Rochester, MN",27039
"Rochester, MN",27045
"Rochester, MN",27109
"Rochester, MN",27157
"Rochester, NY",36051
"Rochester, NY",36055
"Rochester, NY",36069
"Rochester, NY",36073
"Rochester, NY",36117
"Rochester, NY",36123
"Rockford, IL",17007
"Rockford, IL",17201
"Rockingham, NC",37153
"Rockport, TX",48007
"Rock Springs, WY",56037
"Rocky Mount, NC",37065
"Rocky Mount, NC",37127
"Rolla, MO",29161
"Rome, GA",13115
"Roseburg, OR",41019
"Roswell, NM",35005
"Ruidoso, NM",35027
"Russellville, AR",05115
"Russellville, AR",05149
"Ruston, LA",22061
"Rutland, VT",50021
"Sacramento-Roseville-Folsom, CA",06017
"Sacramento-Roseville-Folsom, CA",06061
"Sacramento-Roseville-Folsom, CA",06067
"Sacramento-Roseville-Folsom, CA",06113
"Safford, AZ",04009
"Saginaw, MI",26145
"St. Cloud, MN",27009
"St. Cloud, MN",27145
"St. George, UT",49053
"St. Joseph, MO-KS",20043
"St. Joseph, MO-KS",29003
"St. Joseph, MO-KS",29021
"St. Joseph, MO-KS",29063
"St. Louis, MO-IL",17005
"St. Louis, MO-IL",17013
"St. Louis, MO-IL",17027
"St. Louis, MO-IL",17083
"St. Louis, MO-IL",17117
"St. Louis, MO-IL",17119
"St. Louis, MO-IL",17133
"St. Louis, MO-IL",17163
"St. Louis, MO-IL",29071
"St. Louis, MO-IL",29099
"St. Louis, MO-IL",29113
"St. Louis, MO-IL",29183
"St. Louis, MO-IL",29189
"St. Louis, MO-IL",29219
"St. Louis, MO-IL",29510
"St. Marys, GA",13039
"St. Marys, PA",42047
"Salem, OH",39029
"Salem, OR",41047
"Salem, OR",41053
"Salina, KS",20143
"Salina, KS",20169
"Salinas, CA",06053
"Salisbury, MD-DE",10005
"Salisbury, MD-DE",24039
"Salisbury, MD-DE",24045
"Salisbury, MD-DE",24047
"Salt Lake City, UT",49035
"Salt Lake City, UT",49045
"San Angelo, TX",48235
"San Angelo, TX",48431
"San Angelo, TX",48451
"San Antonio-New Braunfels, TX",48013
"San Antonio-New Braunfels, TX",48019
"San Antonio-New Braunfels, TX",48029
"San Antonio-New Braunfels, TX",48091
"San Antonio-New Braunfels, TX",48187
"San Antonio-New Braunfels, TX",48259
"San Antonio-New Braunfels, TX",48325
"San Antonio-New Braunfels, TX",48493
"San Diego-Chula Vista-Carlsbad, CA",06073
"Sandpoint, ID",16017
"Sandusky, OH",39043
"Sanford, NC",37105
"San Francisco-Oakland-Berkeley, CA",06001
"San Francisco-Oakland-Berkeley, CA",06013
"San Francisco-Oakland-Berkeley, CA",06075
"San Francisco-Oakland-Berkeley, CA",06081
"San Francisco-Oakland-Berkeley, CA",06041
"San Germ†n, PR",72023
"San Germ†n, PR",72079
"San Germ†n, PR",72121
"San Germ†n, PR",72125
"San Jose-Sunnyvale-Santa Clara, CA",06069
"San Jose-Sunnyvale-Santa Clara, CA",06085
"San Juan-Bayam¢n-Caguas, PR",72007
"San Juan-Bayam¢n-Caguas, PR",72009
"San Juan-Bayam¢n-Caguas, PR",72017
"San Juan-Bayam¢n-Caguas, PR",72019
"San Juan-Bayam¢n-Caguas, PR",72021
"San Juan-Bayam¢n-Caguas, PR",72025
"San Juan-Bayam¢n-Caguas, PR",72029
"San Juan-Bayam¢n-Caguas, PR",72031
"San Juan-Bayam¢n-Caguas, PR",72033
"San Juan-Bayam¢n-Caguas, PR",72035
"San Juan-Bayam¢n-Caguas, PR",72037
"San Juan-Bayam¢n-Caguas, PR",72039
"San Juan-Bayam¢n-Caguas, PR",72041
"San Juan-Bayam¢n-Caguas, PR",72045
"San Juan-Bayam¢n-Caguas, PR",72047
"San Juan-Bayam¢n-Caguas, PR",72051
"San Juan-Bayam¢n-Caguas, PR",72053
"San Juan-Bayam¢n-Caguas, PR",72054
"San Juan-Bayam¢n-Caguas, PR",72061
"San Juan-Bayam¢n-Caguas, PR",72063
"San Juan-Bayam¢n-Caguas, PR",72069
"San Juan-Bayam¢n-Caguas, PR",72077
"San Juan-Bayam¢n-Caguas, PR",72085
"San Juan-Bayam¢n-Caguas, PR",72087
"San Juan-Bayam¢n-Caguas, PR",72089
"San Juan-Bayam¢n-Caguas, PR",72091
"San Juan-Bayam¢n-Caguas, PR",72095
"San Juan-Bayam¢n-Caguas, PR",72101
"San Juan-Bayam¢n-Caguas, PR",72103
"San Juan-Bayam¢n-Caguas, PR",72105
"San Juan-Bayam¢n-Caguas, PR",72107
"San Juan-Bayam¢n-Caguas, PR",72119
"San Juan-Bayam¢n-Caguas, PR",72127
"San Juan-Bayam¢n-Caguas, PR",72129
"San Juan-Bayam¢n-Caguas, PR",72135
"San Juan-Bayam¢n-Caguas, PR",72137
"San Juan-Bayam¢n-Caguas, PR",72139
"San Juan-Bayam¢n-Caguas, PR",72143
"San Juan-Bayam¢n-Caguas, PR",72145
"San Juan-Bayam¢n-Caguas, PR",72151
"San Luis Obispo-Paso Robles, CA",06079
"Santa Cruz-Watsonville, CA",06087
"Santa Fe, NM",35049
"Santa Isabel, PR",72133
"Santa Maria-Santa Barbara, CA",06083
"Santa Rosa-Petaluma, CA",06097
"Sault Ste. Marie, MI",26033
"Savannah, GA",13029
"Savannah, GA",13051
"Savannah, GA",13103
"Sayre, PA",42015
"Scottsbluff, NE",31007
"Scottsbluff, NE",31157
"Scottsbluff, NE",31165
"Scottsboro, AL",01071
"Scottsburg, IN",18143
"Scranton--Wilkes-Barre, PA",42069
"Scranton--Wilkes-Barre, PA",42079
"Scranton--Wilkes-Barre, PA",42131
"Searcy, AR",05145
"Seattle-Tacoma-Bellevue, WA",53033
"Seattle-Tacoma-Bellevue, WA",53061
"Seattle-Tacoma-Bellevue, WA",53053
"Sebastian-Vero Beach, FL",12061
"Sebring-Avon Park, FL",12055
"Sedalia, MO",29159
"Selinsgrove, PA",42109
"Selma, AL",01047
"Seneca, SC",45073
"Seneca Falls, NY",36099
"Sevierville, TN",47155
"Seymour, IN",18071
"Shawano, WI",55078
"Shawano, WI",55115
"Shawnee, OK",40125
"Sheboygan, WI",55117
"Shelby, NC",37045
"Shelbyville, TN",47003
"Shelton, WA",53045
"Sheridan, WY",56033
"Sherman-Denison, TX",48181
"Show Low, AZ",04017
"Shreveport-Bossier City, LA",22015
"Shreveport-Bossier City, LA",22017
"Shreveport-Bossier City, LA",22031
"Sidney, OH",39149
"Sierra Vista-Douglas, AZ",04003
"Sikeston, MO",29201
"Silver City, NM",35017
"Sioux City, IA-NE-SD",19193
"Sioux City, IA-NE-SD",31043
"Sioux City, IA-NE-SD",31051
"Sioux City, IA-NE-SD",46127
"Sioux Falls, SD",46083
"Sioux Falls, SD",46087
"Sioux Falls, SD",46099
"Sioux Falls, SD",46125
"Snyder, TX",48415
"Somerset, KY",21199
"Somerset, PA",42111
"Sonora, CA",06109
"South Bend-Mishawaka, IN-MI",18141
"South Bend-Mishawaka, IN-MI",26027
"Spartanburg, SC",45083
"Spearfish, SD",46081
"Spencer, IA",19041
"Spirit Lake, IA",19059
"Spokane-Spokane Valley, WA",53063
"Spokane-Spokane Valley, WA",53065
"Springfield, IL",17129
"Springfield, IL",17167
"Springfield, MA",25011
"Springfield, MA",25013
"Springfield, MA",25015
"Springfield, MO",29043
"Springfield, MO",29059
"Springfield, MO",29077
"Springfield, MO",29167
"Springfield, MO",29225
"Springfield, OH",39023
"Starkville, MS",28105
"Starkville, MS",28155
"State College, PA",42027
"Statesboro, GA",13031
"Staunton, VA",51015
"Staunton, VA",51790
"Staunton, VA",51820
"Steamboat Springs, CO",08107
"Stephenville, TX",48143
"Sterling, CO",08075
"Sterling, IL",17195
"Stevens Point, WI",55097
"Stillwater, OK",40119
"Stockton, CA",06077
"Storm Lake, IA",19021
"Sturgis, MI",26149
"Sulphur Springs, TX",48223
"Summerville, GA",13055
"Sumter, SC",45027
"Sumter, SC",45085
"Sunbury, PA",42097
"Susanville, CA",06035
"Sweetwater, TX",48353
"Syracuse, NY",36053
"Syracuse, NY",36067
"Syracuse, NY",36075
"Tahlequah, OK",40021
"Talladega-Sylacauga, AL",01121
"Tallahassee, FL",12039
"Tallahassee, FL",12065
"Tallahassee, FL",12073
"Tallahassee, FL",12129
"Tampa-St. Petersburg-Clearwater, FL",12053
"Tampa-St. Petersburg-Clearwater, FL",12057
"Tampa-St. Petersburg-Clearwater, FL",12101
"Tampa-St. Petersburg-Clearwater, FL",12103
"Taos, NM",35055
"Taylorville, IL",17021
"Terre Haute, IN",18021
"Terre Haute, IN",18121
"Terre Haute, IN",18153
"Terre Haute, IN",18165
"Terre Haute, IN",18167
"Texarkana, TX-AR",05081
"Texarkana, TX-AR",05091
"Texarkana, TX-AR",48037
"The Dalles, OR",41065
"The Villages, FL",12119
"Thomaston, GA",13293
"Thomasville, GA",13275
"Tiffin, OH",39147
"Tifton, GA",13277
"Toccoa, GA",13257
"Toledo, OH",39051
"Toledo, OH",39095
"Toledo, OH",39123
"Toledo, OH",39173
"Topeka, KS",20085
"Topeka, KS",20087
"Topeka, KS",20139
"Topeka, KS",20177
"Topeka, KS",20197
"Torrington, CT",09005
"Traverse City, MI",26019
"Traverse City, MI",26055
"Traverse City, MI",26079
"Traverse City, MI",26089
"Trenton-Princeton, NJ",34021
"Troy, AL",01109
"Truckee-Grass Valley, CA",06057
"Tucson, AZ",04019
"Tullahoma-Manchester, TN",47031
"Tullahoma-Manchester, TN",47051
"Tullahoma-Manchester, TN",47127
"Tulsa, OK",40037
"Tulsa, OK",40111
"Tulsa, OK",40113
"Tulsa, OK",40117
"Tulsa, OK",40131
"Tulsa, OK",40143
"Tulsa, OK",40145
"Tupelo, MS",28057
"Tupelo, MS",28081
"Tupelo, MS",28115
"Tupelo, MS",28117
"Tuscaloosa, AL",01063
"Tuscaloosa, AL",01065
"Tuscaloosa, AL",01107
"Tuscaloosa, AL",01125
"Twin Falls, ID",16053
"Twin Falls, ID",16083
"Tyler, TX",48423
"Ukiah, CA",06045
"Union, SC",45087
"Union City, TN",47131
"Urbana, OH",39021
"Urban Honolulu, HI",15003
"Utica-Rome, NY",36043
"Utica-Rome, NY",36065
"Uvalde, TX",48463
"Valdosta, GA",13027
"Valdosta, GA",13101
"Valdosta, GA",13173
"Valdosta, GA",13185
"Vallejo, CA",06095
"Van Wert, OH",39161
"Vermillion, SD",46027
"Vernal, UT",49047
"Vernon, TX",48487
"Vicksburg, MS",28149
"Victoria, TX",48175
"Victoria, TX",48469
"Vidalia, GA",13209
"Vidalia, GA",13279
"Vincennes, IN",18083
"Vineland-Bridgeton, NJ",34011
"Vineyard Haven, MA",25007
"Virginia Beach-Norfolk-Newport News, VA-NC",37029
"Virginia Beach-Norfolk-Newport News, VA-NC",37053
"Virginia Beach-Norfolk-Newport News, VA-NC",37073
"Virginia Beach-Norfolk-Newport News, VA-NC",51073
"Virginia Beach-Norfolk-Newport News, VA-NC",51093
"Virginia Beach-Norfolk-Newport News, VA-NC",51095
"Virginia Beach-Norfolk-Newport News, VA-NC",51115
"Virginia Beach-Norfolk-Newport News, VA-NC",51175
"Virginia Beach-Norfolk-Newport News, VA-NC",51199
"Virginia Beach-Norfolk-Newport News, VA-NC",51550
"Virginia Beach-Norfolk-Newport News, VA-NC",51620
"Virginia Beach-Norfolk-Newport News, VA-NC",51650
"Virginia Beach-Norfolk-Newport News, VA-NC",51700
"Virginia Beach-Norfolk-Newport News, VA-NC",51710
"Virginia Beach-Norfolk-Newport News, VA-NC",51735
"Virginia Beach-Norfolk-Newport News, VA-NC",51740
"Virginia Beach-Norfolk-Newport News, VA-NC",51800
"Virginia Beach-Norfolk-Newport News, VA-NC",51810
"Virginia Beach-Norfolk-Newport News, VA-NC",51830
"Visalia, CA",06107
"Wabash, IN",18169
"Waco, TX",48145
"Waco, TX",48309
"Wahpeton, ND-MN",27167
"Wahpeton, ND-MN",38077
"Walla Walla, WA",53071
"Wapakoneta, OH",39011
"Warner Robins, GA",13153
"Warner Robins, GA",13225
"Warren, PA",42123
"Warrensburg, MO",29101
"Warsaw, IN",18085
"Washington, IN",18027
"Washington, NC",37013
"Washington-Arlington-Alexandria, DC-VA-MD-WV",24021
"Washington-Arlington-Alexandria, DC-VA-MD-WV",24031
"Washington-Arlington-Alexandria, DC-VA-MD-WV",11001
"Washington-Arlington-Alexandria, DC-VA-MD-WV",24009
"Washington-Arlington-Alexandria, DC-VA-MD-WV",24017
"Washington-Arlington-Alexandria, DC-VA-MD-WV",24033
"Washington-Arlington-Alexandria, DC-VA-MD-WV",51013
"Washington-Arlington-Alexandria, DC-VA-MD-WV",51043
"Washington-Arlington-Alexandria, DC-VA-MD-WV",51047
"Washington-Arlington-Alexandria, DC-VA-MD-WV",51059
"Washington-Arlington-Alexandria, DC-VA-MD-WV",51061
"Washington-Arlington-Alexandria, DC-VA-MD-WV",51107
"Washington-Arlington-Alexandria, DC-VA-MD-WV",51113
"Washington-Arlington-Alexandria, DC-VA-MD-WV",51153
"Washington-Arlington-Alexandria, DC-VA-MD-WV",51157
"Washington-Arlington-Alexandria, DC-VA-MD-WV",51177
"Washington-Arlington-Alexandria, DC-VA-MD-WV",51179
"Washington-Arlington-Alexandria, DC-VA-MD-WV",51187
"Washington-Arlington-Alexandria, DC-VA-MD-WV",51510
"Washington-Arlington-Alexandria, DC-VA-MD-WV",51600
"Washington-Arlington-Alexandria, DC-VA-MD-WV",51610
"Washington-Arlington-Alexandria, DC-VA-MD-WV",51630
"Washington-Arlington-Alexandria, DC-VA-MD-WV",51683
"Washington-Arlington-Alexandria, DC-VA-MD-WV",51685
"Washington-Arlington-Alexandria, DC-VA-MD-WV",54037
"Washington Court House, OH",39047
"Waterloo-Cedar Falls, IA",19013
"Waterloo-Cedar Falls, IA",19017
"Waterloo-Cedar Falls, IA",19075
"Watertown, SD",46029
"Watertown, SD",46057
"Watertown-Fort Atkinson, WI",55055
"Watertown-Fort Drum, NY",36045
"Wauchula, FL",12049
"Wausau-Weston, WI",55069
"Wausau-Weston, WI",55073
"Waycross, GA",13229
"Waycross, GA",13299
"Weatherford, OK",40039
"Weirton-Steubenville, WV-OH",39081
"Weirton-Steubenville, WV-OH",54009
"Weirton-Steubenville, WV-OH",54029
"Wenatchee, WA",53007
"Wenatchee, WA",53017
"West Plains, MO",29091
"West Point, MS",28025
"Wheeling, WV-OH",39013
"Wheeling, WV-OH",54051
"Wheeling, WV-OH",54069
"Whitewater, WI",55127
"Wichita, KS",20015
"Wichita, KS",20079
"Wichita, KS",20173
"Wichita, KS",20191
"Wichita Falls, TX",48009
"Wichita Falls, TX",48077
"Wichita Falls, TX",48485
"Williamsport, PA",42081
"Williston, ND",38105
"Willmar, MN",27067
"Wilmington, NC",37129
"Wilmington, NC",37141
"Wilmington, OH",39027
"Wilson, NC",37195
"Winchester, VA-WV",51069
"Winchester, VA-WV",51840
"Winchester, VA-WV",54027
"Winfield, KS",20035
"Winnemucca, NV",32013
"Winona, MN",27169
"Winston-Salem, NC",37057
"Winston-Salem, NC",37059
"Winston-Salem, NC",37067
"Winston-Salem, NC",37169
"Winston-Salem, NC",37197
"Wisconsin Rapids-Marshfield, WI",55141
"Woodward, OK",40045
"Woodward, OK",40153
"Wooster, OH",39169
"Worcester, MA-CT",09015
"Worcester, MA-CT",25027
"Worthington, MN",27105
"Yakima, WA",53077
"Yankton, SD",46135
"Yauco, PR",72055
"Yauco, PR",72059
"Yauco, PR",72111
"Yauco, PR",72153
"York-Hanover, PA",42133
"Youngstown-Warren-Boardman, OH-PA",39099
"Youngstown-Warren-Boardman, OH-PA",39155
"Youngstown-Warren-Boardman, OH-PA",42085
"Yuba City, CA",06101
"Yuba City, CA",06115
"Yuma, AZ",04027
"Zanesville, OH",39119
"Zapata, TX",48505
